StateDesc,ACCESS2_AdjPrev,ARTHRITIS_AdjPrev,BINGE_AdjPrev,BPHIGH_AdjPrev,BPMED_AdjPrev,CANCER_AdjPrev,CASTHMA_AdjPrev,CERVICAL_AdjPrev,CHD_AdjPrev,CHECKUP_AdjPrev,CHOLSCREEN_AdjPrev,COLON_SCREEN_AdjPrev,COPD_AdjPrev,COREM_AdjPrev,COREW_AdjPrev,CSMOKING_AdjPrev,DENTAL_AdjPrev,DEPRESSION_AdjPrev,DIABETES_AdjPrev,GHLTH_AdjPrev,HIGHCHOL_AdjPrev,KIDNEY_AdjPrev,LPA_AdjPrev,MAMMOUSE_AdjPrev,MHLTH_AdjPrev,OBESITY_AdjPrev,PHLTH_AdjPrev,SLEEP_AdjPrev,STROKE_AdjPrev,TEETHLOST_AdjPrev,HEARING_AdjPrev,VISION_AdjPrev,COGNITION_AdjPrev,MOBILITY_AdjPrev,SELFCARE_AdjPrev,INDEPLIVE_AdjPrev,DISABILITY_AdjPrev,workout,all,mcdonalds,burgerking,tacobell,dominos,kfc,mc_tb_do_kc,gdp_22
Alabama,11.605010777048728,27.9877311093108,15.171590814617108,37.71159341785525,65.58056012081248,6.20286137935509,10.459797094254483,84.31867061438206,6.015822390109918,75.8024122215681,84.79673585287895,72.64548938396712,7.227113677575861,43.905534579514544,39.16616808307028,18.120163785743184,60.386437089635315,22.864344427453286,11.973111625541655,19.157968101205643,32.59973086644773,3.054449920107177,31.62589081043049,75.00495420820786,18.48781686537191,39.717476398729566,12.4669809203677,38.96402874514595,3.2618928993703618,13.832242017017476,6.15024374602793,5.3873231826887835,15.247273633860509,16.041327080006116,4.190283909706526,9.025592985701834,32.11727655258253,19.3,81.7,5.0,3.5,2.8,2.5,1.8,15.6,277817500000.0
Alaska,11.277589320201507,21.81508572036911,18.469314005019978,28.930311475924455,51.505752498044835,6.117067777849056,9.611573239357803,78.2517717999708,5.318966305568788,62.20175426145088,75.49049193842272,65.62683011384343,6.0542027616685745,37.96961413891327,30.25109428080467,17.85884576065994,61.52822446029811,20.13134031143498,8.535062845225632,15.160480869364642,29.050541919792316,2.77895254772593,21.917748299718976,62.54626047363558,15.427814454743114,33.918264218826124,11.36269263368515,32.004721888209346,2.8874212643293795,12.129032324106388,7.668822244029737,4.690581473590537,12.593900007233787,11.278210333941606,3.3356932765367366,7.147502228142705,28.264935789909,27.9,61.9,4.2,1.1,2.1,1.4,0.8,9.6,63618000000.0
Arizona,13.561305831137627,21.739753262502617,17.37878238108405,27.96723839371462,54.44520321822197,6.147776141113168,10.221120619280416,80.35051372150411,5.360596639838072,67.34802443984016,82.19487307862934,65.5045203919126,5.766243370958601,43.683109969385605,35.364203794887416,15.08458546880042,59.37707264225469,19.614114079157638,9.684607567895622,15.910805028258808,30.247577936417276,3.083484128506788,22.88603169516002,68.24968724557866,16.764116978976723,32.15607297703948,11.148876065855303,33.1657989427617,2.829376266781157,11.586090804742401,6.406700890945363,4.945953955270771,13.959718558127491,12.276152465066115,3.5910257745815324,7.233850536452787,28.273990038365568,26.3,67.9,3.9,2.5,2.5,1.6,0.8,11.3,458949800000.0
Arkansas,10.920480149483245,26.20982431290486,14.524274767332995,36.69094508030858,61.507253070252695,6.249969612256357,9.872488037407825,81.23864286585338,6.4245192573030545,75.64301318190245,82.05942646314756,68.9216319755074,7.605620724606404,42.971030251915884,37.92556232197392,20.609077855084667,56.61240371844194,25.30302324174929,10.906294873146456,20.834868176018237,32.41835201598471,3.0130198014403025,29.900483295663985,70.45632324495496,18.607471683547093,38.24351078740113,13.270516452839841,34.75306641911424,3.2038169253287716,15.721359791215216,6.697481270805854,5.60946521206481,16.830289689879773,15.525764708642845,4.209059447283461,9.05118571686819,32.925306661740294,15.7,69.9,5.7,2.7,3.5,2.2,2.0,16.1,165220600000.0
California,11.306139367624658,18.789891664769687,15.713589939057801,26.95286789006407,53.577848238113845,5.410313101874425,9.238837075520678,81.2456875628921,4.770769843168722,62.06491422717604,84.68477575317864,59.583593478498656,4.883747113372919,36.8914882436432,29.8849528118727,11.2764924752731,62.16046554911948,16.673333983046362,10.668076381684251,16.811262147586326,31.74227835857206,2.860643209273824,20.629405209808205,69.34118602259309,15.048178913332531,28.73673242836328,10.725182650235858,33.13679373398676,2.6860720249709997,9.377776251473197,5.837202755014317,5.149839134859527,12.538353024871196,11.529319980847058,3.5736681859825294,6.941963881494384,26.03955203594816,24.0,82.3,3.2,1.4,2.1,1.4,1.1,9.2,3598102700000.0
Colorado,11.60979277775264,22.26784931493415,19.36220850096584,24.699499627413232,52.456790051873085,6.1012912097223895,10.168817369511615,83.3987957816743,4.474762274845671,65.81679697883834,82.54053367226025,70.45093747166456,5.043302875447624,49.61119312244916,40.75159778729399,13.336958043684616,65.69852735746942,21.49479035778825,7.376602308059315,12.984747290508766,28.10295669235861,2.6153821298405093,16.92010586935565,67.80445925538737,14.798698191642254,25.710639756685616,9.831687184030333,28.232992106597493,2.4237406507045938,9.236681223158223,5.403961102320018,3.9064738391784406,11.318363357351746,9.350249592700981,2.856891461543213,5.9717096441903905,23.168381655482758,32.5,75.7,3.6,2.0,2.6,2.3,1.2,11.7,484371500000.0
Connecticut,8.081820458581477,21.182967342162755,16.12308130941977,27.601683604684602,58.5961586389161,6.095224452427711,10.83862799974595,86.28185401751776,4.711148611450476,74.26644938411032,87.84728872916193,76.3617279191213,5.034238934634126,50.577954829671754,43.775467086310535,13.24713466313623,70.57492567804998,20.485473612275577,8.700969354034852,12.197833618122047,29.95812321787488,2.6070000335589363,21.81508207933388,77.85663852615808,14.505346049489168,29.918316578364138,9.247412009717115,34.10019489144239,2.534183271175342,8.160422698376994,5.494016219782743,4.019626153449762,10.995485740641564,9.917178542138792,2.961330509205549,6.224384200452796,23.16997437594939,24.5,76.1,4.0,1.8,1.4,1.5,1.0,9.7,321844600000.0
Delaware,9.827573889956387,22.317041332132064,15.449247147652345,31.512724141505146,60.944992146575984,6.078404479242244,10.204954434194685,82.11084340591438,5.144176108050358,73.90102393500395,86.47438458257258,72.87417479250217,5.689675338653994,44.06388710603318,38.2597524975483,14.866847986413976,62.21482832096187,18.054292872918047,10.117159831131453,14.2466144566786,31.492360452229654,2.836705588289229,25.81866364223468,75.10784744424866,14.870129581496219,35.9283140851359,10.244733721087838,34.177432966840215,2.873411176578459,10.405939500729533,5.587198121556653,4.389844366663211,12.084085554483627,11.953527363402246,3.3778079977356623,6.9189104071820955,25.923060463391884,20.1,78.3,3.7,2.1,1.5,2.7,1.1,11.1,87524800000.0
Georgia,15.917431663457586,23.56941820625014,15.183027706854148,35.65699699413847,62.45288201396241,5.86103428600742,10.01970243063471,82.82855350853914,5.397519826259685,75.93059212749846,85.89977959299476,69.99094990483876,6.025696532619922,46.18717120669479,38.97218810459605,15.945077079949325,58.46771953613692,19.534211874810527,11.552443570417553,17.219378232421565,32.67617633893806,3.1280021715687467,25.152952063073645,73.91752467645459,15.916140593057166,34.86609534123871,11.43298896455654,37.07844055955582,3.1944488139615976,13.676430386184034,5.686134896531953,5.500524382183507,13.986326469045144,13.718435314900614,3.9477202787593506,8.081193216468144,29.148327821692096,20.2,82.5,4.2,2.6,2.3,2.1,1.5,12.7,755697900000.0
Hawaii,5.884432136730318,17.7817665392809,18.651304946817774,25.837970161346824,56.479426840358975,5.212355216908431,8.771137655015112,79.65509315300929,4.144860508077053,70.30999297285636,78.97296443488376,71.52015784365888,3.916426243086449,35.41454833779958,34.230906113060016,11.818516696923387,71.90719224336532,13.170390335977935,8.940774636797954,13.236649918525368,28.640684317538103,2.6446555208167855,19.868997810000742,76.92341204242923,13.393811812677024,25.1602398940587,8.303107343261052,40.809889889584355,2.5638435770311605,6.098385560572521,5.607955586787305,4.025927038409272,9.987507015003956,9.00484921470109,2.786395436033222,5.4814139334453875,22.280322263558812,24.4,97.5,5.2,2.0,2.1,1.6,1.1,12.0,98218800000.0
Idaho,10.574071069685623,22.402402043638798,16.08059411138694,28.72882504972585,53.25871584488167,6.309728537136959,10.249630995048193,79.86769043248988,5.354195461888778,71.20327262072163,78.92042644546885,65.46379858626572,5.907704257352876,40.1642546278834,38.10525102805321,15.466030028570334,65.38190884112613,23.54042725560162,9.141898856502868,14.49744613537739,28.578559205186107,2.8010301837581006,21.924315293149693,67.61537710890973,15.739201324830095,32.89347595878422,11.106253804073074,30.587971474909818,2.72618212310546,11.756018628845041,7.503967230655845,4.613082960225111,14.820558170951694,12.254981448485815,3.3556194017327363,7.3479356081230005,30.439920028323083,31.4,65.5,3.5,2.0,1.8,2.4,0.8,10.5,109546500000.0
Illinois,9.655397278721198,20.38920541099063,17.164839925031583,28.98611164183095,61.27889384411547,5.967671585670138,9.477539020929617,80.96926885904074,5.023883402942469,76.54972775453264,82.02530521125846,67.36248429444132,5.5839241211891055,42.70435042693155,38.483357454451415,14.347175611604305,64.45855160123897,18.229542699429715,9.766303883156722,14.621283980570839,28.249494971735324,2.774890977518077,26.358683211867543,74.85710171409487,14.441428211677747,33.56239652245529,10.251461010558446,32.611611234656365,2.7526975285975137,10.794486771817851,6.590348924816846,4.526829588582035,13.480615609760795,13.448589670226871,3.3568242798052865,7.466115594016761,29.615095534700835,24.8,82.5,5.2,2.4,2.1,1.6,1.2,12.5,1033310100000.0
Indiana,9.403594439305992,25.079066762562658,16.855342496346967,32.22875727760199,62.924330908751635,6.326486570276015,10.611360383544776,82.01533219658874,5.625464866584337,73.87551672535275,81.77339322669678,68.83148489160642,7.312684850172311,44.06468486192667,36.90682503708134,18.606961137880848,61.41977766627461,24.853487246886377,10.66627217074384,16.59025589977057,31.04770980247532,2.8510597217008264,25.79595999697326,69.61573773671262,16.650371621447885,37.45817883818434,11.298890447157904,34.891287917913424,2.9229614229240877,13.980592243444558,5.950124956196641,4.623191411676635,13.41753290669903,13.009948361625835,3.5052292651247394,7.900264370256473,28.2801725980883,15.1,73.7,5.2,2.9,3.5,1.7,1.8,15.1,455750200000.0
Iowa,8.19955488104115,22.787397336551958,21.329524919364662,27.910632402142255,59.09325613303022,6.353031321805692,9.412632916379456,83.50702472441176,5.01130488785276,73.38625611831088,79.70579772689621,71.91128772573431,5.980271518493591,45.10261587640017,41.92867664721105,16.531867705120984,67.07078625364421,18.8145683523646,8.566318246432363,12.883473255750953,30.10180174057704,2.6378637045935918,23.997797736917878,75.21959566299486,15.12168969198695,37.03609491027313,9.49882057412297,30.870946255949196,2.6037405588774973,10.358681228995588,5.861306218856471,3.7778578920220887,11.29664709203875,9.570420838319379,3.011086227431266,6.122625653796852,22.96234214687454,22.2,67.7,4.6,2.6,1.7,1.3,1.3,11.5,231107800000.0
Kansas,11.69868758140001,23.609101943649893,18.597463522913994,31.542999105153644,61.65191274259843,6.248819286699093,10.135569972145948,83.55853300401897,5.4359650539668,72.8839911101479,81.79991228733768,67.27075508539205,5.856877504189694,44.82661844174059,40.76845407625345,16.489959285513237,66.044721939956,20.47203417726954,10.001182348968268,14.342916946945087,33.42776054647646,2.6624570381744315,23.984927393407308,71.22014692382083,15.373775379253331,37.10064806503958,9.68229669506594,32.3436700013835,2.675184131845694,10.734004536250819,6.2891411792207546,4.158166853064593,12.942879565130568,11.874978344445648,3.2133902545575483,6.866632283575652,26.924889848026055,23.2,74.7,5.1,2.3,3.2,1.5,1.3,13.4,210670500000.0
Kentucky,7.626584636427866,26.990621489273284,15.318325544407966,35.52445585814856,65.1263419874156,6.362057008103529,11.260560997774869,81.82732721957761,6.276257497127108,73.5257019901122,82.67402109906564,71.94295433044883,8.677288633461613,45.369694774952016,39.4595982520046,21.097120633060673,55.62568861802717,27.129754995904108,10.841996840373673,20.725695603444716,32.232826206802955,2.9364780278680462,29.16172507880216,69.59435085956119,18.662334828138768,38.78759695870443,13.586049478045165,37.88165817846034,3.0943220530297415,15.521010140165176,8.25438446939877,5.518103408129784,17.840761219800267,16.82322147942717,4.027701726662164,9.608829146444068,36.86114972433103,14.6,74.2,5.6,2.3,3.3,2.1,2.3,15.6,260304100000.0
Louisiana,10.12611504597596,25.76849878472256,17.885191002600102,37.28775403883222,63.71837308314556,6.09509345385114,10.383551248505908,82.76617780917883,6.041907359505646,78.24908168104692,84.6656087405686,70.16967781685611,7.599388695659884,39.665888625267,36.69099580951492,20.89636885178719,55.91629053510918,25.503381669779742,12.165731014412266,19.87404505187772,33.35589915067905,3.193773354812354,29.064988072136806,76.56358849726224,18.93920920353967,38.5610083764287,12.882031605647608,37.80635804523613,3.519779426982468,14.957871773362164,6.562088188117466,6.258711816726776,17.34022539130766,16.253533841675917,4.712595049315026,9.724340907434549,34.014211987897184,20.3,76.2,5.1,3.4,2.9,2.3,1.0,14.7,281429300000.0
Maine,8.058956587261623,24.78748315718672,17.96410114214132,28.153584522319967,55.21696465723736,6.457268552964591,11.675629460293957,84.2069147901216,5.510993939137778,75.09042154947323,57.278942493588985,76.9585428133565,6.83127345149962,50.782021166743306,40.83405203290661,16.53676131192125,65.2308523174035,25.253685014432534,8.086095360383373,12.811931233954237,28.82803227115818,2.641792840501746,24.521692669031154,75.3333632356274,16.553141963509486,32.12245324639077,10.226156588427594,32.068551215633924,2.6058956587261624,13.694172842061233,6.671746340126813,4.040222860753203,14.520293649758388,11.326278796747232,3.0880178276942853,6.817602734784626,28.106710599476628,24.0,74.9,4.6,2.5,1.5,1.9,1.3,11.8,84497500000.0
Maryland,8.889732218093084,22.472439716995382,14.663652342067781,32.08140968339835,60.728314719773095,5.988179322768429,9.916338474020575,84.9217886438386,4.6444140584892875,72.61774454354482,87.48395248501694,73.49401714059834,4.847721077693589,48.46168315375071,43.05220464973239,12.468792769786326,64.81353476950765,18.39912895577692,9.955690108025314,13.85922956356631,32.57346749759819,2.7867818337621157,21.454794506327445,75.2694334863066,14.592809477303717,34.3089559845382,8.996534979235634,34.847528851383316,2.8222037365317094,8.536503794162295,4.873981777185846,4.277539139894721,10.809717817745584,10.657849349137706,3.0756562271446386,6.215123836013813,23.476838197546233,22.9,89.7,4.7,2.0,1.5,2.0,1.1,11.3,470187100000.0
Massachusetts,5.079718766227379,22.04062759539641,17.89622686540325,26.077878392600535,56.459262350131844,6.332983727486401,10.919633391331338,85.14331935568526,4.733010242496374,72.75803280960461,87.19591282288503,78.82799181871636,5.320489645759754,53.026969215529384,44.44180871596482,12.520591310492913,71.97804801994295,21.309439314916283,8.12813779444081,12.295551405546076,30.48187278149756,2.5805430365670907,20.903072734595202,80.14285886498291,15.28007740607609,27.745990785890864,9.17013930258938,31.538060478561565,2.4694900284520953,9.546738002351704,5.492827861605966,3.7996981268978027,12.501138599197134,10.25481989765378,2.900027517197175,6.301767672103819,24.452630061349605,29.5,77.5,3.4,1.7,1.0,1.9,0.7,8.7,688391600000.0
Michigan,7.831293872703406,25.43548243022379,17.69298266577692,31.499712291873756,60.46025404318119,6.342904796438814,11.100345205973925,84.48128737074053,5.5272206690584476,74.34819259858732,84.60329388344881,74.40682448411378,6.679133096821738,46.20900192034255,40.903786599907214,17.823570625295808,67.91088632549155,23.781522515944236,9.317389850430978,15.456499977961977,30.940247349194006,2.8672497075111654,22.595688427530874,72.81896872799618,16.79269264937924,35.476908878298474,10.918079635563737,34.955867670778005,2.9323746412105454,10.566941006054137,6.079901741262471,4.450700853891295,12.67869958951571,12.178217827397214,3.495907673520077,7.714290140367776,26.972262248290214,23.6,73.9,5.4,2.9,3.0,1.3,1.6,14.2,620695600000.0
Minnesota,6.763801790310458,20.192184623794766,19.670149385270676,27.05894958991763,57.797917769768674,6.225501446370408,9.398985718515817,82.82266484329966,4.762406318825241,66.85838125658138,81.96295891817451,74.24634829580597,4.644776544094586,48.216097725930766,42.78642004488916,15.189356325746093,67.82317185263318,22.590561167188504,8.13818496720918,12.13648492568407,27.522313316594797,2.5596134660501555,20.130529646651095,74.7186109237322,14.106148624853043,33.191573170924016,8.536050226110358,27.99041568913286,2.4825208895835047,7.919445666057516,6.0217397444366,3.441245963566534,11.05023753414433,9.39187506022893,2.785118276480143,5.862912960214739,23.492678527312833,27.7,67.0,4.0,2.1,1.5,2.3,0.7,10.6,446499500000.0
Mississippi,13.290915180349598,26.556525551998078,13.83854920312614,41.13486268481151,66.50106889403772,6.093799350161782,10.471892513978979,84.67815652050109,6.275359233075646,77.93580059424433,83.19774692242112,69.19276730401887,7.424274559189684,44.549996288091556,34.84662272264247,19.86171941023029,54.593349683809805,21.628642543216614,12.844922397384373,22.010579210261817,31.91701708325353,3.2113285411860817,30.51294374679021,71.09918704120219,16.816545687830192,40.67172705438878,12.439977423460956,34.92928146605129,3.6643704586325594,15.181961108013148,7.179299720505158,6.786951438406896,17.88891037690278,17.810636634671937,5.02967279272805,10.464303000205089,37.2203845130366,13.5,77.3,4.7,3.0,2.8,2.4,2.3,15.2,138739700000.0
Missouri,12.366469904365738,25.300184689601657,18.23155964629477,32.346751452250075,60.87922956940183,6.37785488669523,9.856807664877865,82.03302326923618,5.6996181373878585,74.87007232433129,81.01126269355971,69.16452703201118,7.222250184697707,48.332960754918744,40.60923683085483,19.17826367780354,60.74401262477937,24.013931419394385,10.099048456215739,17.190143116607846,30.964408682810685,2.7574462804062194,25.291571169940216,72.02194665952896,17.351623045799357,37.66728430898739,11.997933914779173,33.92979463819758,2.9365884497340957,13.858889265192511,7.180448663440327,4.669640738842711,15.29976988376001,13.883294896863534,3.617281236771842,8.321645144675413,30.955730103513403,23.6,72.9,5.1,2.1,3.5,2.4,1.2,14.3,389931200000.0
Montana,8.892142689611518,22.996912804918356,22.614313787104795,26.74093261527288,55.3494281747868,6.376724554027046,10.283473350291729,82.76292187334448,5.1283761866425905,67.04305301868834,77.86646375753777,66.95451080396026,5.789444257795415,44.07385677972165,39.85859105237754,16.385620830393986,63.59033688288472,23.84683334072886,8.05893290686797,13.603458480753366,26.24020163528699,2.6681140770698497,20.795582334408856,68.11323198743786,15.92125701028099,32.044155012673514,10.69842955216609,29.861380585019436,2.6639861954176105,11.007597048188352,7.732676036951075,4.17273857594739,13.08457289922492,10.522612293540265,3.1958846152801264,6.7596479487372205,27.58816196386575,20.2,69.8,4.5,2.2,1.9,2.1,0.9,11.6,65014500000.0
Nebraska,9.23231076971338,21.818233409312665,20.949828231718623,29.370632818181264,61.129879634891836,6.125464431285559,8.622442470611482,82.26141115816533,4.876705257239933,71.32244104472596,79.70045893144139,69.52463100119571,5.25402089533389,50.17049262307939,41.12861650401387,14.798424294644985,66.28452679951845,17.828569653489446,8.840559262857923,12.871820886371184,30.125104904435112,2.605208250581048,23.842815726702558,70.64990838685497,13.458830967381848,37.05485839938239,9.04367792912534,29.154051042627867,2.572797719805346,9.100610075307127,6.48636293267987,3.799412687936805,10.305269767356592,10.358770978340802,3.0002946999835007,5.920088486381773,24.173609252367484,23.9,71.9,4.0,3.4,2.2,1.4,1.2,12.2,161702000000.0
Nevada,14.063187871721006,22.10901020390962,14.278851720631515,30.720141279030376,57.378580981943,5.816375619395857,9.694132107884533,79.54974588031581,5.375508676710588,68.65018633959194,81.33378425701599,66.18488176333837,6.402189128403993,45.70132598980086,31.03766454802193,16.489496916498805,60.067109829512866,18.715946165240293,10.50117430361601,18.404752462713795,32.45525352966977,3.0275860204434424,24.38453452951996,68.21903873134497,17.576123055059636,31.157924784135837,12.718113347016578,36.04026423739762,2.9397331608137556,12.17625470301919,6.7019751964938825,5.429308194584527,14.685767993610671,13.768455507665259,3.845100987884508,7.841347033118097,30.43636381274628,23.6,84.8,4.6,2.1,2.6,1.8,1.3,12.4,215917800000.0
New Hampshire,7.729281090171864,23.65685079539695,17.263423331451875,26.041627813551123,57.524845715454084,6.38377334066719,11.095875426208357,84.53405491176335,4.706716165391881,70.38273582569231,84.00629406072893,74.18152134785515,5.7224338225130165,49.66412340747822,40.695589247454265,13.926083807538129,68.78663102451274,23.697054194696584,7.432083122149011,11.505213060982353,28.447710066004703,2.4638227577984613,19.62331892480302,72.88118707667142,15.07096397963415,31.2745667361655,9.097029644519191,32.19022449373359,2.4175884382343455,9.609656859074782,6.091269568147261,3.342794702921255,11.727611966087638,9.508132804220615,2.580638477399438,6.047199479910613,24.048230083398607,30.7,79.8,4.0,2.3,1.5,2.1,1.0,10.9,105414400000.0
New Jersey,12.136649318613205,20.215791037786246,16.716037273675884,27.7515896938966,58.8282863302878,5.8503674492534365,9.25087235206585,83.4938865754554,4.75755773362411,73.56699524016604,87.4436750968207,68.86421491875046,4.838934686359207,39.652754617664804,36.07748821911423,12.659228261608503,66.00050511862896,18.540067431880203,9.208399677138445,14.125457568848176,31.750507244421957,2.6608306023547743,23.90563930796266,74.01658039759883,14.266258917269964,28.858942747107253,9.687567909374316,34.82676006487445,2.560774209490965,9.105682320200536,4.870894980430834,4.412113318794492,10.99857306415255,10.528848899281655,3.014883086780913,6.152660370578594,23.674143246075104,21.0,81.2,2.9,2.1,1.1,1.8,0.6,8.5,745422200000.0
New Mexico,12.055908306579258,21.945729879383347,14.720505917877079,29.59597916135957,54.942040061875055,5.560899475725668,10.855232605676038,81.69654436434632,5.389951117196322,60.47173030379365,77.93444878884738,62.93524207692602,5.8090145126583455,43.78764743886342,34.895186298636446,15.659895164038362,62.08994076687822,21.24289167092416,11.473025984024591,18.805202192755065,29.772811888403723,3.25229264271978,23.257298841095206,66.7684929700545,16.41037985667409,34.53130664022531,11.9616475343321,32.93066307729609,3.0211269842245083,12.083865271941614,7.758976348814229,6.551015583609066,15.814380230986963,14.231413451727109,4.541435631655337,8.436430094944082,32.2135876518342,23.0,73.4,5.1,2.6,2.8,2.9,1.8,15.2,122114800000.0
New York,8.204061910334048,21.260195968796594,16.933387255731564,28.521513680766805,59.27985772573211,5.814410045053132,10.616838171250295,84.38832696029672,5.053745078434251,76.59069799812089,86.40029901320901,73.56490264400735,5.66277908659914,42.09256917491017,37.45169316884985,14.866978716835467,64.4272751851654,20.043782118826595,10.302532936094247,14.77777706526541,31.102084199502183,2.81704716591568,25.28579816315992,76.33918081814534,14.905028283800197,30.079531852151195,10.110776131151615,34.72043872142412,2.6901005514593654,10.777972841482013,5.3917282053011615,4.992821610984077,12.052619261840883,12.409530027682617,3.6064286529185723,7.583173988512657,26.45751345047742,18.9,92.3,3.1,1.8,1.0,1.2,0.8,7.9,2053179700000.0
North Carolina,12.983515493364619,24.058132156439264,17.317667570642932,32.07144187531194,60.961835881204365,6.070035584706217,9.799867815506955,85.20572402357202,5.518807255542091,77.28228451046435,85.3836037585244,73.48781510510406,6.296879841291414,49.48009940516504,43.13874668022346,15.84177957840094,64.17847405811797,22.3902306873878,10.560121216980649,14.93553798150384,31.3844174224602,2.935730908121778,22.00084311092939,75.33630657931326,15.56419338457698,35.53884301084563,10.77823882336372,33.44506074307266,3.0512426972498385,11.944968620517818,6.877420866061956,5.095447382951754,13.5867243721592,13.160128533710315,3.777122898880711,7.681565584909037,29.130840148222532,22.4,76.9,4.6,2.3,2.4,2.7,1.7,13.7,730072400000.0
North Dakota,7.779051884771622,23.2085508963182,21.6601894578733,29.63944058181968,60.73261315597949,6.447120064830156,8.971223617584663,82.94251962712336,5.278373903797417,71.02885458121061,79.06694113669562,68.93136997579192,5.287881122346273,45.42650461708397,41.56830897040834,15.678102401709534,65.39903516106887,19.266102370739713,8.731285970155417,13.231952853610823,29.21272536996031,2.670391174633653,24.229799031676965,74.17263880931365,13.2847340724797,37.17077984587353,9.289325606363263,30.54727117174314,2.6388886738206954,10.204187506774648,7.158042087985256,3.875350733210486,11.497649906832459,10.319007856010986,3.040636920154643,6.10197651971487,25.824099552486103,20.2,65.6,3.1,2.8,1.4,2.1,1.0,10.4,73267100000.0
Ohio,8.413549505064381,26.426656871547813,18.05641906968386,32.46596111873183,61.80012075534356,6.393565399778285,10.438034045281938,82.67349710955425,5.951816003321557,75.65138524842536,82.7310041233387,70.63546131554818,7.4495278062841495,43.2192827565529,38.26015480283263,19.25858764889728,62.936791203272456,23.28454048920303,10.80360619173979,16.45340658676469,30.238968271437976,2.8531267993925646,26.647192792675938,72.42222555366432,17.145920027110314,38.977091382805305,11.55894839540554,37.020878815370125,2.97195041399346,13.176952775195485,5.8838567210896215,4.5185704316046404,13.887296249232918,13.466008283349677,3.5633744501387388,7.917478090226865,28.562806106306976,23.9,82.8,5.2,2.9,3.2,2.2,1.7,15.2,822669700000.0
Oklahoma,13.051689606207132,24.416673518720906,14.226084303093408,35.64952896412242,60.57969166508429,6.2649533353784985,11.262491085849511,79.86930218662889,6.165641132793815,72.68008124136647,80.62166112858476,62.86236865188948,7.177467586104484,42.209531663137795,38.18478959343948,18.892066324540544,58.029533173181726,24.82684865622395,11.455438779382833,19.4814606489326,32.53009693127469,2.990102590176838,28.788505003839077,68.22448114815514,18.07941990734551,39.323593483132036,12.361461948272717,33.65817090536665,3.1499426710068303,15.0197961240032,8.124722780266787,5.540820249839527,15.617627103933916,15.91718016103289,4.114393176808836,8.73401985983682,35.16022875409587,19.0,76.0,5.2,1.6,2.8,1.9,1.7,13.2,240534300000.0
Oregon,8.503268886792878,22.37366984954624,17.753445175694246,27.346049991109606,52.45605871665071,6.327978159063908,10.933990516125766,83.2338893186895,5.186178342524001,64.88324321651,80.29057205872138,72.62327477447242,5.823463486377676,46.304026843108645,40.7834294320391,14.019905090605501,66.46735952879723,25.833294545300394,8.595291057439024,14.280994358425446,27.128497687908233,2.7075331211413616,19.75900561802384,73.63383333863226,17.3495412673348,31.610909257905096,10.665443371709229,29.249893279920304,2.6457294187329476,10.8015469760289,6.646820028943833,4.338134500506929,14.2918148536735,11.76012121554677,3.2792947266409254,7.107945847478484,28.831169799500962,25.8,73.4,3.8,2.0,2.7,1.9,1.2,11.6,299125500000.0
Pennsylvania,8.104945304154812,24.200186770251538,18.18152711620499,29.051529220484703,59.906389057560375,6.20696184126326,10.615138356390931,83.15070212593959,5.360784988895451,74.33605002940438,83.6475172739149,73.71523753831363,6.071432651941644,43.6444580461547,40.28269643389383,17.22620423731585,64.96433501984255,21.66670598306579,9.041950883272952,15.416484277759984,28.945091505312842,2.71695288881813,24.19670498183593,73.62593220053971,16.08361756536689,34.00311407170718,10.981274510076169,35.72847343454856,2.7904131315076084,11.767377701855036,6.165528805182575,4.416345447751846,13.287024346392828,11.87460319517287,3.3057229620112714,7.281100019932035,27.316502636212,25.6,75.5,3.8,2.1,1.4,1.8,1.0,10.1,923088800000.0
Rhode Island,7.491044349722986,24.310421135257982,18.08217449639927,29.29165305172461,62.1193289582972,6.111028285612582,11.814875913874461,86.15826644517666,5.11906901178339,79.33280528655271,88.71313460081599,77.73016383567146,5.390171502633235,49.47884539206469,46.096178475917526,14.035035733518313,70.93748103796058,25.050212940736213,8.914574346710966,13.625644344246583,29.4637491443123,2.6558938855979775,23.176764907220633,79.89470806217541,15.483628207117494,30.35519600952894,10.258307335639506,35.27985597064649,2.6315536550414835,9.142254816951288,5.906712333768403,4.45924936793202,12.495253876835736,10.968451912633146,3.179601226713886,6.734472029280492,25.76414718741158,25.4,81.3,2.9,2.3,1.5,2.5,1.3,10.5,71402200000.0
South Carolina,13.3453852222386,25.042342726084417,17.484829729294958,33.96210990607249,64.25921201455294,6.111680667654971,9.583443096843299,82.88399820448282,5.4335230763451206,77.01503579956865,84.01432082925152,73.18532650189135,6.377015395789204,47.559307030547885,39.18103118940491,17.408905167987776,64.93114129968856,21.067797052616168,11.261652492291509,16.674770228706887,32.04835543534068,2.9574431989488903,24.77253922155083,76.23761845452592,17.3748568258069,36.53794544286374,11.608950479751787,35.56418638701294,3.0410147176539604,12.937408560108887,6.216509761198141,5.386956916257041,13.895667313014323,13.294046473455918,3.95346926862536,8.342599743194807,29.22869808629079,14.8,73.5,4.4,2.9,2.2,2.2,1.9,13.6,295880500000.0
South Dakota,9.060195604974894,22.17677735387145,20.281086493272102,28.550808375475782,58.75868484301567,6.447263942745841,9.056637211629527,84.13025220689407,5.495330565036365,73.2145946507389,80.93673652186341,71.4883690203892,5.661032795160915,49.46368799253052,44.468085809760375,17.16252914976501,67.31138303908078,17.76660509104555,8.998778501992458,12.613000906881577,29.408156685012777,2.764598224656457,23.181816577616548,73.9248631859688,13.36203103500652,36.349904397705544,9.342160276799914,28.628942366112113,2.767950224263326,11.825916486481658,6.927429817194118,4.31053914779936,11.64320341398474,11.052046179482138,3.3017073274244564,6.264893966333697,25.916046889798256,17.2,63.9,3.4,3.1,1.8,1.9,0.8,11.0,67570700000.0
Tennessee,12.05764292958299,26.257743657617585,15.479087033552213,34.71386024064051,63.142716930137524,6.222008115015187,10.57508371781355,83.24722486092907,5.962182816365022,75.75717743875532,85.23642921267836,71.65876064375335,7.716734960828464,40.46546863481542,38.90555403429685,19.89258820297803,57.47434848631253,26.598212901732964,11.43854924677623,18.37148166551927,32.654140644779844,2.931031531917712,27.951753579601387,73.53260429996598,18.402300143163984,35.758759410816985,12.584907783527338,35.03247025397629,3.075313889831113,14.668883653528823,6.710277614262379,5.076455961663135,15.898235696719443,14.82187088632929,3.859106253023203,8.629655517576653,32.095788877136165,17.1,77.8,4.8,2.7,3.5,2.3,1.9,15.2,475755100000.0
Texas,22.88804762919297,21.108599129888535,17.497856244023243,32.19482210425711,59.27011548824213,5.655918771986168,9.407288320577448,78.81923914369783,5.409186285626891,70.57616382056574,83.28240618267286,64.12375722370888,6.0543286915941765,42.017508515070524,36.12613859191875,14.960456487636575,54.23324111897948,21.247479602455183,11.76458366670402,19.15347106660772,33.226544813944194,3.0824835703918536,26.35840191837284,70.7971717431974,16.21493101737097,36.13485084517068,11.470140020938134,34.644859020139606,2.9675409131981128,12.118734452226112,6.476072452867607,6.000827267299132,14.082788637379084,13.492360276661348,4.214883370973953,8.144429579427838,29.825549698842867,23.5,75.8,4.1,2.0,2.3,2.3,1.0,11.7,2355959700000.0
Utah,10.176143500176005,21.88982919284896,12.513699203858627,27.392924542574463,50.95365630359724,6.294625454055228,9.916226304870468,78.90642949692554,4.698810236745332,69.74704777597196,80.74265870774946,72.38380892607046,4.894111699458503,48.016532658273356,35.50479838824437,8.926973000097364,71.92360380170612,24.449010792471483,8.835118297770356,12.897747167069854,30.00577445906575,2.693225952860641,18.429403635437655,67.92980747309372,16.38660780862649,32.03928231937028,10.613052853900943,31.07889453935395,2.497133531557307,8.649374396153355,6.253358997595848,3.729071038578779,12.881003452692127,10.200682899063054,2.85537782637677,6.538805053962357,25.715565784644884,28.2,76.2,3.5,2.2,1.9,2.2,1.2,11.0,248176300000.0
Vermont,6.9785240949858265,24.02377449385814,19.11765354647831,25.559747664854317,54.318588069457995,6.3561632355902535,10.848797341883918,83.67594993571572,4.856767972489427,67.52494524218906,80.53252877302228,74.27852192635964,5.502919435537588,47.65407066623294,38.44955527673219,15.04051752714655,68.74184286754341,26.68757779946404,7.103653050792325,11.308112675619993,26.298168750096814,2.4935859782827574,16.3149670833527,69.70242591818082,15.867491519122636,29.058748547794966,9.051345012934306,28.95260916709265,2.4530153197949103,11.35950044147033,5.968781077187602,3.5787978065895256,12.109938039252132,9.041207924779654,2.7852118283067675,5.989825890298497,23.13146893443004,29.5,68.3,4.2,1.1,0.8,2.4,1.1,9.6,40617100000.0
Virginia,7.5856540072670695,24.25161523460145,16.80122945650647,31.720780664903703,61.49361968852179,6.063425471120216,10.207853754694655,84.3393418213771,4.811347106097307,74.88761388495666,86.18839582035932,73.13373387606086,5.703925598748662,48.54888407842658,42.61342290235186,14.066013088684763,68.3070250376232,20.473360356313623,9.920793531887556,14.598196574188693,33.425054482188365,2.731646369925323,21.06697852903067,75.83564136013275,15.267621808797083,34.45716023352186,9.860445537829511,34.71565543976042,2.7540192315124465,9.03802112730978,5.125453960381261,4.160055142894104,11.78780094220572,10.816044272606955,3.1538634623248467,6.668896276604977,24.351421605008124,24.2,80.1,4.7,2.3,2.4,2.6,1.4,13.4,649392600000.0
West Virginia,9.6302770282435,30.15091541645097,14.029598381118134,37.19898657232163,63.19907726425566,6.325967955516644,11.771895764288466,82.87795114750254,7.0728524323890785,77.46150505984713,84.5306972285958,68.97297974883325,9.576005954147012,49.22572925120544,39.423504186018874,21.780309249960318,56.28898381847256,28.083031802750373,11.855138957205407,20.634924022369557,34.28588778541739,2.974821182091119,29.2541453280754,73.46725000406627,20.339312569722573,40.53397974939413,14.177924057704073,40.28976768394563,3.1188221938922878,16.91332246002292,7.816582546205493,5.329885712458895,18.43952468901416,16.831845880920422,4.1177984462906885,10.434347284486073,36.49926840718154,16.8,73.8,5.8,3.5,3.5,2.3,2.1,17.2,95588400000.0
Wisconsin,7.354211514155241,24.114809542482686,23.947395719200504,28.315701025185607,58.078550615104575,6.373791840035495,10.447596841741763,83.43576385520262,4.986198241220861,71.85186944911624,79.24211690548768,61.20705601240725,5.207058420857313,39.68650738783577,36.25851643207458,15.026514474106449,69.39621038862886,22.404467081236678,8.061937838921502,12.869762808374894,30.506815184361766,2.6629678583858505,19.735198921014373,74.24488786120814,14.505903365520629,34.83437921690773,9.591515759743876,30.911706814285434,2.6099721366072877,9.713815972026701,5.727126678367437,3.7256690233294,11.381466128711642,9.726119386530454,3.0671818827566506,6.254245198534305,22.25071826086839,23.6,65.0,5.1,2.1,2.3,1.8,1.1,12.4,401791500000.0
Wyoming,13.300681060740875,21.7316667328953,17.79203355891383,27.27878725576751,56.06412509955892,6.327014718306573,9.687844223336784,81.12512910264806,5.144014975734404,65.64150116706375,78.10745936009316,60.92969956962906,6.174999611266701,40.983054165234115,32.01987619276334,16.619165415521344,66.3575644908544,20.80574910634534,8.27909997011073,13.674555245912684,28.123578315938236,2.613932892538567,22.548918371190197,64.26428111118982,15.355268200061161,31.802167404108136,10.453461367684689,31.59848566783517,2.602746875880049,12.421706349137791,7.063609207277779,4.1169140450205,12.7390694243119,11.013740080821973,3.0886897614559703,6.58116215707244,27.530969258970668,27.5,62.5,4.8,2.8,2.4,3.8,1.0,14.8,47432500000.0
